fill_rate,num_nodes,prob_disruption,attrition_rate,delay_hours,policy,replication,met_target
0.4331,1,0.622,0.204,19,surge,1,0
0.575,8,0.794,0.229,7,surge,2,1
0.5075,4,0.463,0.197,20,surge,3,1
0.6241,2,0.298,0.292,8,surge,4,1
0.5385,2,0.289,0.373,6,surge,5,1
0.6159,8,0.697,0.191,8,prepositioned,6,1
0.4234,1,0.753,0.232,14,prepositioned,7,0
0.544,4,0.184,0.472,17,prepositioned,8,1
0.7192,1,0.153,0.119,13,prepositioned,9,1
0.4953,1,0.576,0.284,8,surge,10,0
0.6614,4,0.217,0.385,9,prepositioned,11,1
0.4584,8,0.76,0.16,22,prepositioned,12,0
0.4581,4,0.348,0.119,24,baseline,13,0
0.6997,8,0.215,0.155,20,surge,14,1
0.3651,4,0.837,0.468,7,prepositioned,15,0
0.6328,8,0.232,0.104,21,prepositioned,16,1
0.7024,4,0.328,0.175,19,prepositioned,17,1
0.6835,1,0.223,0.113,15,baseline,18,1
0.8046,8,0.192,0.144,8,prepositioned,19,1
0.5018,2,0.117,0.348,24,surge,20,1
0.6968,4,0.144,0.197,14,prepositioned,21,1
0.6695,2,0.24,0.328,6,baseline,22,1
0.694,1,0.143,0.336,9,prepositioned,23,1
0.4644,8,0.573,0.44,13,baseline,24,0
0.6401,8,0.645,0.102,7,prepositioned,25,1
0.5509,4,0.415,0.441,12,prepositioned,26,1
0.4618,2,0.354,0.348,14,baseline,27,0
0.4632,8,0.504,0.165,24,surge,28,0
0.473,4,0.8,0.409,7,baseline,29,0
0.2666,2,0.781,0.442,16,surge,30,0
0.5861,2,0.135,0.202,23,surge,31,1
0.4107,1,0.245,0.468,21,baseline,32,0
0.5153,1,0.289,0.282,23,prepositioned,33,1
0.6084,4,0.3,0.341,9,baseline,34,1
0.4529,8,0.557,0.494,21,baseline,35,0
0.4587,1,0.433,0.245,24,surge,36,0
0.6111,8,0.139,0.425,12,surge,37,1
0.6158,8,0.399,0.227,15,baseline,38,1
0.3878,2,0.519,0.42,16,baseline,39,0
0.5865,4,0.181,0.34,15,baseline,40,1
0.483,1,0.767,0.187,11,prepositioned,41,0
0.5591,8,0.142,0.266,24,baseline,42,1
0.3406,4,0.84,0.227,24,baseline,43,0
0.6802,2,0.179,0.131,13,prepositioned,44,1
0.3155,1,0.775,0.112,21,baseline,45,0
0.4168,8,0.822,0.239,13,surge,46,0
0.316,2,0.884,0.108,21,surge,47,0
0.5185,8,0.742,0.166,17,surge,48,1
0.425,4,0.724,0.39,14,baseline,49,0
0.6249,8,0.614,0.383,8,surge,50,1
0.5055,8,0.723,0.395,18,surge,51,1
0.5773,1,0.208,0.227,12,baseline,52,1
0.4952,2,0.529,0.456,10,surge,53,0
0.5054,2,0.511,0.338,9,prepositioned,54,1
0.3016,2,0.786,0.15,24,surge,55,0
0.6032,1,0.47,0.157,7,prepositioned,56,1
0.4207,4,0.408,0.377,21,surge,57,0
0.332,1,0.612,0.169,22,baseline,58,0
0.6966,4,0.313,0.303,6,prepositioned,59,1
0.4754,4,0.212,0.497,17,baseline,60,0
0.6187,8,0.482,0.102,16,baseline,61,1
0.5687,4,0.434,0.107,12,baseline,62,1
0.6569,2,0.286,0.497,18,prepositioned,63,1
0.5497,8,0.394,0.334,13,baseline,64,1
0.6011,2,0.393,0.151,14,surge,65,1
0.4728,2,0.362,0.459,14,prepositioned,66,0
0.5582,8,0.404,0.452,21,surge,67,1
0.4622,2,0.649,0.314,18,surge,68,0
0.5452,1,0.338,0.349,13,baseline,69,1
0.2162,2,0.859,0.209,23,baseline,70,0
0.4312,8,0.833,0.12,21,prepositioned,71,0
0.3587,1,0.485,0.338,23,prepositioned,72,0
0.5927,2,0.363,0.218,19,baseline,73,1
0.5095,1,0.528,0.365,13,surge,74,1
0.3429,4,0.779,0.434,20,prepositioned,75,0
0.4172,2,0.622,0.107,12,surge,76,0
0.3619,2,0.744,0.338,11,baseline,77,0
0.5462,1,0.526,0.193,14,surge,78,1
0.3832,4,0.606,0.45,24,baseline,79,0
0.6828,4,0.331,0.201,16,prepositioned,80,1
0.4119,8,0.688,0.344,13,prepositioned,81,0
0.6139,2,0.262,0.321,14,surge,82,1
0.5009,1,0.656,0.258,11,baseline,83,1
0.2703,8,0.789,0.371,18,baseline,84,0
0.6602,4,0.206,0.39,12,prepositioned,85,1
0.4991,4,0.592,0.327,16,prepositioned,86,0
0.5635,1,0.176,0.403,13,baseline,87,1
0.2872,2,0.681,0.493,12,baseline,88,0
0.5564,8,0.168,0.268,24,baseline,89,1
0.4324,8,0.849,0.306,12,prepositioned,90,0
0.7671,2,0.21,0.105,7,prepositioned,91,1
0.3695,8,0.867,0.418,13,prepositioned,92,0
0.4091,8,0.741,0.308,16,surge,93,0
0.5391,2,0.575,0.263,7,baseline,94,1
0.5604,8,0.726,0.138,11,surge,95,1
0.4036,2,0.736,0.456,9,surge,96,0
0.3094,1,0.857,0.258,15,baseline,97,0
0.5216,4,0.303,0.373,19,baseline,98,1
0.3272,4,0.572,0.16,24,baseline,99,0
0.5781,1,0.176,0.485,13,baseline,100,1
0.4914,8,0.593,0.171,22,prepositioned,101,0
0.6532,1,0.237,0.18,10,baseline,102,1
0.4542,8,0.552,0.444,20,baseline,103,0
0.3197,1,0.558,0.465,16,prepositioned,104,0
0.4367,8,0.473,0.185,20,surge,105,0
0.4801,8,0.518,0.288,20,baseline,106,0
0.4172,8,0.711,0.393,16,surge,107,0
0.4573,4,0.739,0.451,10,prepositioned,108,0
0.4939,2,0.494,0.252,15,surge,109,0
0.4393,4,0.58,0.307,21,baseline,110,0
0.3096,2,0.845,0.397,24,prepositioned,111,0
0.5781,8,0.196,0.392,23,surge,112,1
0.6355,4,0.194,0.413,9,baseline,113,1
0.4982,2,0.17,0.328,17,surge,114,0
0.6554,4,0.626,0.142,7,prepositioned,115,1
0.5487,4,0.435,0.462,18,prepositioned,116,1
0.3106,1,0.719,0.446,24,prepositioned,117,0
0.4555,1,0.637,0.419,6,prepositioned,118,0
0.5649,1,0.367,0.14,18,baseline,119,1
0.351,1,0.819,0.182,23,surge,120,0
0.4147,2,0.71,0.397,22,prepositioned,121,0
0.6268,4,0.316,0.109,13,surge,122,1
0.5946,4,0.391,0.492,7,prepositioned,123,1
0.5515,2,0.352,0.251,23,prepositioned,124,1
0.5661,8,0.226,0.388,23,prepositioned,125,1
0.5103,4,0.218,0.455,17,surge,126,1
0.2838,1,0.849,0.258,24,surge,127,0
0.7005,8,0.45,0.228,6,surge,128,1
0.5487,4,0.407,0.343,17,prepositioned,129,1
0.5378,4,0.684,0.332,6,surge,130,1
0.441,4,0.542,0.264,23,prepositioned,131,0
0.4321,4,0.849,0.341,18,prepositioned,132,0
0.213,1,0.724,0.474,23,surge,133,0
0.4711,4,0.483,0.287,16,baseline,134,0
0.6965,8,0.401,0.179,7,surge,135,1
0.473,2,0.889,0.251,6,baseline,136,0
0.4382,4,0.674,0.258,12,prepositioned,137,0
0.2844,1,0.861,0.152,20,prepositioned,138,0
0.6507,2,0.195,0.165,8,prepositioned,139,1
0.3173,2,0.78,0.374,22,prepositioned,140,0
0.5295,8,0.61,0.236,10,prepositioned,141,1
0.5472,1,0.198,0.482,15,prepositioned,142,1
0.6156,2,0.571,0.197,9,prepositioned,143,1
0.4865,2,0.649,0.14,14,prepositioned,144,0
0.6872,8,0.11,0.401,14,surge,145,1
0.6039,8,0.463,0.452,6,prepositioned,146,1
0.4461,1,0.76,0.211,16,prepositioned,147,0
0.555,1,0.336,0.181,20,surge,148,1
0.4764,8,0.467,0.174,23,surge,149,0
0.4974,1,0.454,0.309,12,baseline,150,0
0.5894,8,0.342,0.287,22,surge,151,1
0.3246,2,0.835,0.204,22,baseline,152,0
0.3247,8,0.725,0.118,24,baseline,153,0
0.6796,2,0.188,0.293,13,surge,154,1
0.1416,2,0.898,0.484,22,baseline,155,0
0.441,4,0.803,0.361,16,surge,156,0
0.6809,1,0.327,0.298,7,surge,157,1
0.5134,4,0.77,0.144,11,surge,158,1
0.6535,4,0.185,0.201,18,surge,159,1
0.4545,8,0.899,0.218,9,surge,160,0
0.4791,8,0.633,0.406,14,baseline,161,0
0.3582,4,0.62,0.451,20,surge,162,0
0.6446,2,0.172,0.461,8,baseline,163,1
0.3384,2,0.818,0.494,15,baseline,164,0
0.5947,2,0.123,0.493,10,baseline,165,1
0.5478,8,0.293,0.481,16,prepositioned,166,1
0.6559,2,0.214,0.129,10,surge,167,1
0.2717,1,0.721,0.155,24,baseline,168,0
0.6086,2,0.259,0.222,7,surge,169,1
0.3087,1,0.829,0.321,24,prepositioned,170,0
0.5288,1,0.625,0.139,21,prepositioned,171,1
0.5882,1,0.129,0.438,22,surge,172,1
0.5529,8,0.104,0.347,22,prepositioned,173,1
0.7746,4,0.141,0.317,9,prepositioned,174,1
0.5174,4,0.585,0.166,23,surge,175,1
0.4103,2,0.741,0.201,17,prepositioned,176,0
0.5795,4,0.291,0.164,24,prepositioned,177,1
0.1356,1,0.78,0.441,22,baseline,178,0
0.6449,8,0.146,0.334,17,baseline,179,1
0.3423,4,0.741,0.394,13,baseline,180,0
0.4876,8,0.842,0.218,8,baseline,181,0
0.3903,1,0.718,0.249,7,baseline,182,0
0.4952,2,0.658,0.262,13,surge,183,0
0.3519,4,0.77,0.404,21,baseline,184,0
0.5953,2,0.132,0.409,15,prepositioned,185,1
0.5738,2,0.261,0.183,15,surge,186,1
0.4892,1,0.2,0.477,10,surge,187,0
0.5408,2,0.504,0.148,16,prepositioned,188,1
0.2749,1,0.696,0.458,18,baseline,189,0
0.3388,2,0.604,0.14,24,surge,190,0
0.3985,4,0.781,0.206,19,baseline,191,0
0.5463,4,0.224,0.439,17,surge,192,1
0.3496,4,0.688,0.172,23,surge,193,0
0.5709,2,0.254,0.265,14,baseline,194,1
0.5929,8,0.317,0.28,23,surge,195,1
0.4735,1,0.668,0.198,13,baseline,196,0
0.3646,2,0.884,0.384,8,baseline,197,0
0.4531,1,0.589,0.441,13,surge,198,0
0.6096,2,0.144,0.45,8,surge,199,1
0.5737,8,0.593,0.236,8,baseline,200,1
0.5801,2,0.134,0.312,22,surge,201,1
0.3638,8,0.807,0.199,21,surge,202,0
0.5353,2,0.668,0.198,10,surge,203,1
0.5462,4,0.239,0.165,21,baseline,204,1
0.6633,2,0.173,0.476,7,baseline,205,1
0.6223,2,0.247,0.455,11,surge,206,1
0.1673,8,0.884,0.411,19,surge,207,0
0.6507,8,0.467,0.307,11,surge,208,1
0.2378,2,0.727,0.296,19,prepositioned,209,0
0.372,8,0.609,0.312,22,baseline,210,0
0.6037,2,0.558,0.315,7,surge,211,1
0.6955,4,0.216,0.274,6,baseline,212,1
0.3082,8,0.857,0.153,23,prepositioned,213,0
0.5538,2,0.341,0.15,15,surge,214,1
0.5121,4,0.562,0.481,15,prepositioned,215,1
0.3322,2,0.66,0.293,14,baseline,216,0
0.4243,1,0.619,0.481,14,baseline,217,0
0.3566,1,0.852,0.165,19,prepositioned,218,0
0.5263,2,0.219,0.322,17,surge,219,1
0.6232,8,0.507,0.183,9,prepositioned,220,1
0.4695,1,0.423,0.201,17,surge,221,0
0.558,2,0.479,0.112,18,baseline,222,1
0.7942,4,0.195,0.148,8,surge,223,1
0.4811,1,0.207,0.467,13,surge,224,0
0.5523,4,0.322,0.229,21,prepositioned,225,1
0.4864,2,0.344,0.343,17,surge,226,0
0.7219,8,0.442,0.286,8,prepositioned,227,1
0.5389,4,0.589,0.26,6,prepositioned,228,1
0.5333,4,0.608,0.313,17,surge,229,1
0.5541,1,0.429,0.175,14,surge,230,1
0.3225,2,0.427,0.495,24,surge,231,0
0.5383,8,0.274,0.427,15,baseline,232,1
0.3027,1,0.571,0.397,23,surge,233,0
0.5686,8,0.354,0.288,10,baseline,234,1
0.7249,2,0.129,0.161,14,prepositioned,235,1
0.5242,4,0.435,0.468,8,prepositioned,236,1
0.4483,4,0.479,0.237,16,prepositioned,237,0
0.6828,2,0.28,0.12,9,surge,238,1
0.4056,2,0.558,0.237,15,surge,239,0
0.436,4,0.553,0.418,12,baseline,240,0
0.3952,1,0.662,0.349,9,baseline,241,0
0.459,4,0.618,0.4,7,baseline,242,0
0.496,1,0.622,0.417,15,surge,243,0
0.5562,4,0.353,0.185,23,prepositioned,244,1
0.4494,4,0.73,0.47,9,surge,245,0
0.4029,1,0.539,0.275,13,surge,246,0
0.5626,8,0.445,0.356,10,surge,247,1
0.4502,2,0.601,0.101,21,baseline,248,0
0.4742,8,0.389,0.497,13,baseline,249,0
0.4776,1,0.51,0.212,24,prepositioned,250,0
0.4667,1,0.689,0.125,10,prepositioned,251,0
0.447,2,0.809,0.283,7,surge,252,0
0.3205,1,0.837,0.152,17,baseline,253,0
0.5388,2,0.503,0.161,18,prepositioned,254,1
0.3556,4,0.516,0.353,24,baseline,255,0
0.2933,1,0.74,0.257,22,baseline,256,0
0.4269,4,0.352,0.469,22,baseline,257,0
0.307,1,0.77,0.228,18,baseline,258,0
0.529,1,0.495,0.39,12,prepositioned,259,1
0.6895,4,0.193,0.284,14,prepositioned,260,1
0.7433,8,0.158,0.364,8,prepositioned,261,1
0.3671,1,0.774,0.34,14,prepositioned,262,0
0.7153,2,0.144,0.289,12,surge,263,1
0.6344,8,0.324,0.48,6,surge,264,1
0.6766,8,0.367,0.237,9,prepositioned,265,1
0.6786,4,0.238,0.171,16,prepositioned,266,1
0.643,2,0.351,0.371,13,surge,267,1
0.2238,2,0.694,0.438,24,surge,268,0
0.749,4,0.112,0.116,15,baseline,269,1
0.2367,4,0.762,0.28,24,surge,270,0
0.2997,2,0.785,0.457,18,baseline,271,0
0.6797,1,0.398,0.4,6,prepositioned,272,1
0.6363,1,0.223,0.497,9,prepositioned,273,1
0.4925,8,0.581,0.313,19,prepositioned,274,0
0.5445,2,0.196,0.364,16,baseline,275,1
0.6085,2,0.392,0.221,11,surge,276,1
0.267,2,0.867,0.479,15,baseline,277,0
0.2582,8,0.896,0.247,23,baseline,278,0
0.3698,1,0.718,0.395,13,surge,279,0
0.652,1,0.349,0.261,6,surge,280,1
0.4142,2,0.65,0.325,11,baseline,281,0
0.2876,2,0.664,0.388,23,surge,282,0
0.4368,4,0.41,0.304,20,surge,283,0
0.3456,2,0.613,0.463,21,baseline,284,0
0.6335,2,0.109,0.268,23,prepositioned,285,1
0.717,8,0.267,0.359,8,prepositioned,286,1
0.5591,1,0.52,0.237,11,baseline,287,1
0.703,4,0.231,0.263,7,baseline,288,1
0.7237,4,0.233,0.276,6,baseline,289,1
0.3725,2,0.769,0.15,21,baseline,290,0
0.3679,8,0.891,0.137,23,prepositioned,291,0
0.5254,2,0.545,0.367,8,prepositioned,292,1
0.4635,8,0.771,0.362,19,baseline,293,0
0.271,2,0.892,0.365,16,baseline,294,0
0.719,4,0.213,0.108,7,baseline,295,1
0.4991,4,0.459,0.231,23,surge,296,0
0.5332,8,0.414,0.179,22,baseline,297,1
0.5208,2,0.164,0.411,16,surge,298,1
0.4112,2,0.704,0.444,19,prepositioned,299,0
0.5469,1,0.447,0.199,13,surge,300,1
0.3941,2,0.475,0.367,21,prepositioned,301,0
0.7457,8,0.221,0.152,14,baseline,302,1
0.5704,1,0.245,0.21,24,prepositioned,303,1
0.4499,8,0.826,0.155,7,baseline,304,0
0.8205,4,0.136,0.213,9,baseline,305,1
0.4675,1,0.286,0.37,24,baseline,306,0
0.5368,2,0.334,0.464,11,baseline,307,1
0.6583,4,0.492,0.181,11,baseline,308,1
0.3953,2,0.569,0.317,21,baseline,309,0
0.5166,1,0.495,0.381,9,surge,310,1
0.5857,4,0.167,0.481,15,prepositioned,311,1
0.6779,4,0.295,0.344,11,prepositioned,312,1
0.4833,1,0.775,0.202,9,surge,313,0
0.3316,2,0.61,0.35,24,baseline,314,0
0.4943,1,0.619,0.228,9,prepositioned,315,0
0.4949,4,0.636,0.49,7,surge,316,0
0.4344,4,0.71,0.26,18,prepositioned,317,0
0.5225,4,0.146,0.374,22,prepositioned,318,1
0.6163,8,0.393,0.109,8,baseline,319,1
0.5076,8,0.532,0.26,19,baseline,320,1
0.3466,2,0.371,0.45,16,baseline,321,0
0.2868,1,0.776,0.344,21,baseline,322,0
0.5784,4,0.486,0.278,8,surge,323,1
0.3971,8,0.715,0.474,24,prepositioned,324,0
0.3602,8,0.782,0.442,17,prepositioned,325,0
0.4628,1,0.504,0.229,22,surge,326,0
0.3338,1,0.828,0.318,12,baseline,327,0
0.359,1,0.57,0.296,23,baseline,328,0
0.3889,1,0.78,0.353,17,prepositioned,329,0
0.6378,4,0.372,0.234,8,surge,330,1
0.5409,4,0.499,0.198,23,prepositioned,331,1
0.3307,2,0.525,0.465,21,surge,332,0
0.6103,2,0.184,0.47,11,baseline,333,1
0.5674,8,0.419,0.437,16,surge,334,1
0.3421,2,0.834,0.491,13,baseline,335,0
0.5346,8,0.605,0.398,16,baseline,336,1
0.5033,8,0.242,0.406,24,prepositioned,337,1
0.3511,2,0.371,0.405,23,baseline,338,0
0.5813,1,0.253,0.292,10,surge,339,1
0.6403,8,0.12,0.283,24,surge,340,1
0.4693,4,0.842,0.196,14,prepositioned,341,0
0.4443,2,0.459,0.358,19,baseline,342,0
0.4807,4,0.346,0.216,20,baseline,343,0
0.5759,4,0.579,0.203,15,prepositioned,344,1
0.6561,8,0.106,0.334,14,prepositioned,345,1
0.6498,2,0.322,0.264,14,surge,346,1
0.6016,8,0.662,0.188,22,prepositioned,347,1
0.4776,8,0.607,0.426,13,baseline,348,0
0.3317,1,0.885,0.444,11,baseline,349,0
0.4867,1,0.596,0.167,12,surge,350,0
0.5358,4,0.482,0.103,9,baseline,351,1
0.4059,1,0.709,0.234,13,surge,352,0
0.3306,2,0.823,0.419,8,baseline,353,0
0.3963,2,0.677,0.436,7,surge,354,0
0.4813,8,0.871,0.155,19,surge,355,0
0.5305,8,0.726,0.41,7,prepositioned,356,1
0.3977,1,0.793,0.146,16,baseline,357,0
0.6112,8,0.191,0.256,20,surge,358,1
0.2772,1,0.686,0.499,19,baseline,359,0
0.6543,4,0.452,0.177,14,prepositioned,360,1
0.6229,8,0.542,0.162,9,surge,361,1
0.4465,8,0.623,0.269,23,surge,362,0
0.2255,1,0.876,0.348,21,baseline,363,0
0.2959,8,0.888,0.473,17,surge,364,0
0.4797,1,0.331,0.492,7,baseline,365,0
0.488,4,0.687,0.128,6,surge,366,0
0.5104,2,0.7,0.155,11,prepositioned,367,1
0.5671,2,0.377,0.416,8,baseline,368,1
0.5136,1,0.199,0.208,22,prepositioned,369,1
0.679,8,0.133,0.454,9,baseline,370,1
0.4343,2,0.722,0.365,11,surge,371,0
0.3521,4,0.492,0.145,24,baseline,372,0
0.179,2,0.888,0.433,21,baseline,373,0
0.6404,2,0.472,0.171,10,prepositioned,374,1
0.4356,8,0.882,0.269,13,surge,375,0
0.4643,1,0.429,0.321,15,prepositioned,376,0
0.4239,4,0.735,0.3,18,prepositioned,377,0
0.6216,4,0.168,0.374,23,prepositioned,378,1
0.4328,2,0.544,0.361,22,surge,379,0
0.2695,2,0.742,0.497,24,prepositioned,380,0
0.3508,1,0.84,0.5,6,surge,381,0
0.4533,8,0.758,0.307,10,surge,382,0
0.7501,8,0.13,0.138,16,surge,383,1
0.5931,1,0.398,0.391,6,surge,384,1
0.6287,1,0.139,0.491,12,surge,385,1
0.6834,1,0.187,0.227,8,baseline,386,1
0.3895,1,0.64,0.284,23,surge,387,0
0.5655,8,0.671,0.27,7,surge,388,1
0.5955,8,0.719,0.121,8,baseline,389,1
0.4459,1,0.792,0.369,9,surge,390,0
0.4708,4,0.692,0.241,8,baseline,391,0
0.2688,1,0.741,0.415,16,prepositioned,392,0
0.7117,2,0.139,0.433,12,surge,393,1
0.4792,4,0.288,0.428,23,baseline,394,0
0.4753,4,0.598,0.267,10,prepositioned,395,0
0.4011,8,0.787,0.229,16,surge,396,0
0.6373,1,0.104,0.4,18,prepositioned,397,1
0.4052,1,0.512,0.421,17,surge,398,0
0.3387,2,0.642,0.297,21,baseline,399,0
0.7334,2,0.124,0.457,9,surge,400,1
0.5619,8,0.421,0.158,15,surge,401,1
0.268,8,0.817,0.452,21,surge,402,0
0.4141,2,0.637,0.138,22,baseline,403,0
0.665,8,0.29,0.161,17,surge,404,1
0.3979,2,0.782,0.314,18,prepositioned,405,0
0.6161,4,0.378,0.127,22,prepositioned,406,1
0.4505,2,0.783,0.121,17,prepositioned,407,0
0.5587,1,0.339,0.1,24,prepositioned,408,1
0.5958,8,0.572,0.275,8,prepositioned,409,1
0.5332,1,0.418,0.41,12,prepositioned,410,1
0.6633,1,0.32,0.114,8,baseline,411,1
0.4288,1,0.809,0.361,7,surge,412,0
0.5898,2,0.25,0.429,14,baseline,413,1
0.7105,1,0.168,0.167,10,baseline,414,1
0.6152,1,0.374,0.159,13,prepositioned,415,1
0.3966,4,0.674,0.444,14,prepositioned,416,0
0.4062,8,0.746,0.429,17,prepositioned,417,0
0.2343,1,0.899,0.316,23,surge,418,0
0.4465,2,0.337,0.428,22,baseline,419,0
0.7087,4,0.426,0.137,13,baseline,420,1
0.6927,8,0.209,0.258,12,prepositioned,421,1
0.4386,4,0.56,0.395,20,surge,422,0
0.5533,8,0.898,0.203,8,prepositioned,423,1
0.4403,4,0.661,0.401,16,prepositioned,424,0
0.6159,2,0.576,0.302,14,prepositioned,425,1
0.5255,1,0.414,0.4,9,surge,426,1
0.4275,8,0.832,0.286,17,prepositioned,427,0
0.5469,8,0.498,0.247,12,surge,428,1
0.6731,1,0.207,0.188,9,surge,429,1
0.5605,4,0.392,0.183,18,baseline,430,1
0.6706,1,0.154,0.401,9,baseline,431,1
0.6471,4,0.262,0.148,18,surge,432,1
0.847,8,0.114,0.134,9,baseline,433,1
0.559,1,0.463,0.171,14,prepositioned,434,1
0.3993,2,0.608,0.17,21,baseline,435,0
0.6966,1,0.375,0.429,10,prepositioned,436,1
0.5074,4,0.436,0.259,20,baseline,437,1
0.2782,8,0.867,0.496,19,prepositioned,438,0
0.3282,1,0.702,0.155,23,surge,439,0
0.4814,2,0.533,0.361,9,surge,440,0
0.6219,8,0.328,0.279,19,surge,441,1
0.2676,2,0.818,0.257,23,baseline,442,0
0.4961,1,0.288,0.45,20,prepositioned,443,0
0.5356,2,0.36,0.49,9,baseline,444,1
0.3209,4,0.827,0.449,21,surge,445,0
0.5751,4,0.524,0.177,8,surge,446,1
0.3622,2,0.694,0.188,17,baseline,447,0
0.5234,8,0.573,0.362,15,prepositioned,448,1
0.5363,4,0.623,0.216,16,prepositioned,449,1
0.5727,2,0.34,0.394,15,prepositioned,450,1
0.6843,8,0.293,0.327,6,prepositioned,451,1
0.6046,8,0.358,0.32,15,baseline,452,1
0.4736,2,0.224,0.431,23,prepositioned,453,0
0.3389,1,0.799,0.384,14,prepositioned,454,0
0.639,4,0.327,0.111,11,surge,455,1
0.5294,4,0.549,0.12,24,surge,456,1
0.4861,1,0.734,0.341,7,surge,457,0
0.4411,4,0.727,0.294,15,baseline,458,0
0.6509,8,0.451,0.204,15,surge,459,1
0.658,1,0.481,0.267,15,prepositioned,460,1
0.1853,4,0.896,0.403,23,prepositioned,461,0
0.358,1,0.64,0.431,14,surge,462,0
0.2912,4,0.752,0.324,24,surge,463,0
0.4024,2,0.822,0.254,7,baseline,464,0
0.3416,1,0.73,0.208,19,prepositioned,465,0
0.6031,8,0.248,0.309,17,surge,466,1
0.4915,1,0.55,0.226,10,prepositioned,467,0
0.6865,4,0.182,0.326,10,baseline,468,1
0.3925,1,0.622,0.371,19,prepositioned,469,0
0.4404,8,0.864,0.126,18,surge,470,0
0.5612,4,0.51,0.1,17,baseline,471,1
0.7161,8,0.446,0.185,6,surge,472,1
0.5625,2,0.129,0.458,17,surge,473,1
0.3514,2,0.868,0.359,24,surge,474,0
0.7681,4,0.182,0.169,6,baseline,475,1
0.5369,8,0.133,0.456,14,baseline,476,1
0.5947,8,0.297,0.288,15,prepositioned,477,1
0.4749,1,0.152,0.29,23,prepositioned,478,0
0.543,4,0.464,0.474,11,prepositioned,479,1
0.5216,1,0.513,0.124,15,surge,480,1
0.5307,2,0.35,0.186,19,surge,481,1
0.8339,8,0.141,0.334,7,baseline,482,1
0.6283,2,0.189,0.178,21,surge,483,1
0.5117,8,0.408,0.372,21,baseline,484,1
0.6084,2,0.148,0.186,19,prepositioned,485,1
0.3647,1,0.659,0.14,18,baseline,486,0
0.6008,2,0.266,0.183,20,prepositioned,487,1
0.5513,4,0.342,0.269,20,surge,488,1
0.4599,8,0.415,0.17,23,prepositioned,489,0
0.5915,4,0.433,0.154,14,surge,490,1
0.6469,8,0.101,0.444,14,baseline,491,1
0.6649,8,0.19,0.228,18,prepositioned,492,1
0.48,8,0.79,0.244,9,prepositioned,493,0
0.636,4,0.101,0.122,22,surge,494,1
0.4557,2,0.507,0.243,20,surge,495,0
0.5361,2,0.492,0.206,17,prepositioned,496,1
0.5704,1,0.366,0.344,11,baseline,497,1
0.6614,2,0.445,0.182,12,prepositioned,498,1
0.3789,8,0.724,0.455,14,baseline,499,0
0.3064,2,0.773,0.472,18,prepositioned,500,0
